ID Wage Bin,Wage Bin,ID Year,Year,ID Workforce Status,Workforce Status,Total Population,Total Population MOE Appx,Record Count,Geography,ID Geography,Slug Geography,share
1,"< $10K",2020,"2020","true","true",16330281,93589.07647025918,786644,"United States","01000US","united-states",0.11016978544901299
2,"$10-20k",2020,"2020","true","true",18047174,97743.48311569727,789351,"United States","01000US","united-states",0.12175254593236977
3,"$20-30k",2020,"2020","true","true",20352479,102875.52676728423,864001,"United States","01000US","united-states",0.13730493950382985
4,"$30-40k",2020,"2020","true","true",19115220,100180.67827181323,834111,"United States","01000US","united-states",0.1289579576867466
5,"$40-50k",2020,"2020","true","true",15408130,91225.48461689966,694450,"United States","01000US","united-states",0.10394863237628921
6,"$50-60k",2020,"2020","true","true",13128621,84927.02484353623,611145,"United States","01000US","united-states",0.08857026764030615
7,"$60-70k",2020,"2020","true","true",9746953,74086.5329139754,457195,"United States","01000US","united-states",0.06575635292446061
8,"$70-80k",2020,"2020","true","true",7151890,64054.081534081255,336517,"United States","01000US","united-states",0.04824915057217579
9,"$80-90k",2020,"2020","true","true",5915726,58510.64119755533,281355,"United States","01000US","united-states",0.03990955600795527
10,"$90-100k",2020,"2020","true","true",4179982,49482.37049442148,201380,"United States","01000US","united-states",0.028199620087415285
11,"$100-110k",2020,"2020","true","true",4307615,50209.88701800759,207952,"United States","01000US","united-states",0.029060676931826835
12,"$110-120k",2020,"2020","true","true",2059203,34985.37698863254,100386,"United States","01000US","united-states",0.01389210343079607
13,"$120-130k",2020,"2020","true","true",2114430,35444.72186612619,102330,"United States","01000US","united-states",0.014264684082714592
14,"$130-140k",2020,"2020","true","true",1666037,31511.029844047032,81885,"United States","01000US","united-states",0.011239668125742432
15,"$140-150k",2020,"2020","true","true",1106018,25723.46796958681,54518,"United States","01000US","united-states",0.007461584143147717
16,"$150-160k",2020,"2020","true","true",1152867,26258.43669569568,56334,"United States","01000US","united-states",0.007777643877729186
17,"$160-170k",2020,"2020","true","true",911439,23366.799224435217,45608,"United States","01000US","united-states",0.006148886175312167
18,"$170-180k",2020,"2020","true","true",590807,18833.469882408906,29445,"United States","01000US","united-states",0.003985790595506288
19,"$180-190k",2020,"2020","true","true",515229,17592.145498006077,25774,"United States","01000US","united-states",0.0034759149819350633
20,"$190-200k",2020,"2020","true","true",393160,15373.85201819406,19804,"United States","01000US","united-states",0.0026523948269557606
21,"$200k+",2020,"2020","true","true",4035048,48641.39437249888,207464,"United States","01000US","united-states",0.027221844647772376
1,"< $10K",2020,"2020","true","true",8823,2172.2996297750324,378,"Yuma City PUMA, AZ","79500US0400700","yuma-city-puma-az",0.11288238379754609
2,"$10-20k",2020,"2020","true","true",13527,2597.089969288151,521,"Yuma City PUMA, AZ","79500US0400700","yuma-city-puma-az",0.17306585125574137
3,"$20-30k",2020,"2020","true","true",15484,2736.3089340756223,633,"Yuma City PUMA, AZ","79500US0400700","yuma-city-puma-az",0.19810391371655942
4,"$30-40k",2020,"2020","true","true",13092,2563.5563082182407,447,"Yuma City PUMA, AZ","79500US0400700","yuma-city-puma-az",0.1675004158083955
5,"$40-50k",2020,"2020","true","true",7222,1987.8699317892995,297,"Yuma City PUMA, AZ","79500US0400700","yuma-city-puma-az",0.09239902253041798
6,"$50-60k",2020,"2020","true","true",6175,1851.626433129799,255,"Yuma City PUMA, AZ","79500US0400700","yuma-city-puma-az",0.07900359514335795
7,"$60-70k",2020,"2020","true","true",4340,1571.9397333110644,179,"Yuma City PUMA, AZ","79500US0400700","yuma-city-puma-az",0.05552641342869206
8,"$70-80k",2020,"2020","true","true",2347,1171.445808946573,114,"Yuma City PUMA, AZ","79500US0400700","yuma-city-puma-az",0.030027763206714346
9,"$80-90k",2020,"2020","true","true",2206,1136.766313632983,93,"Yuma City PUMA, AZ","79500US0400700","yuma-city-puma-az",0.028223794475505687
10,"$90-100k",2020,"2020","true","true",1628,980.2548568588522,77,"Yuma City PUMA, AZ","79500US0400700","yuma-city-puma-az",0.02082880208799785
11,"$100-110k",2020,"2020","true","true",976,762.2117904194657,50,"Yuma City PUMA, AZ","79500US0400700","yuma-city-puma-az",0.012487045969217384
12,"$110-120k",2020,"2020","true","true",627,612.2975315941504,39,"Yuma City PUMA, AZ","79500US0400700","yuma-city-puma-az",0.008021903506864037
13,"$120-130k",2020,"2020","true","true",358,463.4693959170898,23,"Yuma City PUMA, AZ","79500US0400700","yuma-city-puma-az",0.004580289402643262
14,"$130-140k",2020,"2020","true","true",347,456.32570455701654,19,"Yuma City PUMA, AZ","79500US0400700","yuma-city-puma-az",0.004439554253400034
15,"$140-150k",2020,"2020","true","true",180,329.0115895112955,9,"Yuma City PUMA, AZ","79500US0400700","yuma-city-puma-az",0.002302938805798288
16,"$150-160k",2020,"2020","true","true",279,409.3564673288947,14,"Yuma City PUMA, AZ","79500US0400700","yuma-city-puma-az",0.0035695551489873466
21,"$200k+",2020,"2020","true","true",550,573.7533895807278,29,"Yuma City PUMA, AZ","79500US0400700","yuma-city-puma-az",0.007036757462161436
1,"< $10K",2019,"2019","true","true",17042451,95317.60198287971,835057,"United States","01000US","united-states",0.11556759952992722
2,"$10-20k",2019,"2019","true","true",18892384,99643.37250557024,848357,"United States","01000US","united-states",0.12811229254979842
3,"$20-30k",2019,"2019","true","true",20640639,103441.25040824826,911251,"United States","01000US","united-states",0.13996749070857223
4,"$30-40k",2019,"2019","true","true",19166321,100256.20829823786,875269,"United States","01000US","united-states",0.12996990337774975
5,"$40-50k",2019,"2019","true","true",15446173,91297.53946066824,731539,"United States","01000US","united-states",0.1047429818360032
6,"$50-60k",2019,"2019","true","true",12628591,83427.96438350446,615952,"United States","01000US","united-states",0.08563650541317344
7,"$60-70k",2019,"2019","true","true",9446324,73001.34604451267,465426,"United States","01000US","united-states",0.06405704138811608
8,"$70-80k",2019,"2019","true","true",6957184,63211.69572615693,343645,"United States","01000US","united-states",0.04717778295903666
9,"$80-90k",2019,"2019","true","true",5694805,57446.33400501996,283176,"United States","01000US","united-states",0.03861738805298764
10,"$90-100k",2019,"2019","true","true",3828157,47408.71350722037,192508,"United States","01000US","united-states",0.025959347931449977
11,"$100-110k",2019,"2019","true","true",4097686,49003.2397579554,206456,"United States","01000US","united-states",0.027787067402886438
12,"$110-120k",2019,"2019","true","true",2035049,34781.2106203274,103588,"United States","01000US","united-states",0.013799994370280358
13,"$120-130k",2019,"2019","true","true",2227697,36366.163135774106,113413,"United States","01000US","united-states",0.015106371423336954
14,"$130-140k",2019,"2019","true","true",1324487,28128.040361589312,68152,"United States","01000US","united-states",0.008981559236907573
15,"$140-150k",2019,"2019","true","true",938473,23708.240422006944,48494,"United States","01000US","united-states",0.006363936257387473
16,"$150-160k",2019,"2019","true","true",1151395,26241.26902804472,59690,"United States","01000US","united-states",0.007807794563162339
17,"$160-170k",2019,"2019","true","true",833119,22345.908872593674,43181,"United States","01000US","united-states",0.005649513849432423
18,"$170-180k",2019,"2019","true","true",514213,17574.694217793032,26847,"United States","01000US","united-states",0.003486961004440175
19,"$180-190k",2019,"2019","true","true",535167,17927.921799044932,27834,"United States","01000US","united-states",0.0036290534464574705
20,"$190-200k",2019,"2019","true","true",314971,13764.034395106904,16554,"United States","01000US","united-states",0.0021358689775045096
21,"$200k+",2019,"2019","true","true",3752093,46947.779573723594,201901,"United States","01000US","united-states",0.02544354572138968
1,"< $10K",2019,"2019","true","true",9155,2202.868074871768,403,"Yuma City PUMA, AZ","79500US0400700","yuma-city-puma-az",0.1207688045801124
2,"$10-20k",2019,"2019","true","true",14160,2634.8885327305734,584,"Yuma City PUMA, AZ","79500US0400700","yuma-city-puma-az",0.18679260216869378
3,"$20-30k",2019,"2019","true","true",14483,2657.7901522650136,631,"Yuma City PUMA, AZ","79500US0400700","yuma-city-puma-az",0.19105347861646835
4,"$30-40k",2019,"2019","true","true",13330,2573.6289131814647,492,"Yuma City PUMA, AZ","79500US0400700","yuma-city-puma-az",0.17584360077038758
5,"$40-50k",2019,"2019","true","true",6946,1950.2851327151848,315,"Yuma City PUMA, AZ","79500US0400700","yuma-city-puma-az",0.09162863097907817
6,"$50-60k",2019,"2019","true","true",5603,1768.6027542468116,245,"Yuma City PUMA, AZ","79500US0400700","yuma-city-puma-az",0.07391235522254175
7,"$60-70k",2019,"2019","true","true",3789,1473.043014646233,171,"Yuma City PUMA, AZ","79500US0400700","yuma-city-puma-az",0.049982850961665305
8,"$70-80k",2019,"2019","true","true",2200,1134.7445377929907,119,"Yuma City PUMA, AZ","79500US0400700","yuma-city-puma-az",0.02902144948948632
9,"$80-90k",2019,"2019","true","true",1784,1024.723257665833,83,"Yuma City PUMA, AZ","79500US0400700","yuma-city-puma-az",0.02353375722238345
10,"$90-100k",2019,"2019","true","true",1296,876.2679574403616,70,"Yuma City PUMA, AZ","79500US0400700","yuma-city-puma-az",0.017096272062897395
11,"$100-110k",2019,"2019","true","true",861,716.3060792722687,54,"Yuma City PUMA, AZ","79500US0400700","yuma-city-puma-az",0.011357940004748964
12,"$110-120k",2019,"2019","true","true",630,613.6699592397798,38,"Yuma City PUMA, AZ","79500US0400700","yuma-city-puma-az",0.008310687808352901
13,"$120-130k",2019,"2019","true","true",442,514.6565244508338,25,"Yuma City PUMA, AZ","79500US0400700","yuma-city-puma-az",0.005830673033796797
14,"$130-140k",2019,"2019","true","true",208,353.5985292038331,14,"Yuma City PUMA, AZ","79500US0400700","yuma-city-puma-az",0.002743846133551434
15,"$140-150k",2019,"2019","true","true",171,320.68819431669226,9,"Yuma City PUMA, AZ","79500US0400700","yuma-city-puma-az",0.002255758119410073
16,"$150-160k",2019,"2019","true","true",221,364.44971619803454,9,"Yuma City PUMA, AZ","79500US0400700","yuma-city-puma-az",0.0029153365168983984
17,"$160-170k",2019,"2019","true","true",84,224.89195293758698,5,"Yuma City PUMA, AZ","79500US0400700","yuma-city-puma-az",0.0011080917077803869
21,"$200k+",2019,"2019","true","true",443,515.2349716301992,31,"Yuma City PUMA, AZ","79500US0400700","yuma-city-puma-az",0.005843864601746564
1,"< $10K",2018,"2018","true","true",17555653,96456.22527051755,854123,"United States","01000US","united-states",0.12078716589666996
2,"$10-20k",2018,"2018","true","true",19524788,100935.2301845988,873885,"United States","01000US","united-states",0.13433529400776553
3,"$20-30k",2018,"2018","true","true",21188690,104450.57368287545,940372,"United States","01000US","united-states",0.14578334478148502
4,"$30-40k",2018,"2018","true","true",18402436,98427.33329916793,847441,"United States","01000US","united-states",0.12661323905381655
5,"$40-50k",2018,"2018","true","true",15266406,90749.82635532656,726971,"United States","01000US","united-states",0.10503658930647113
6,"$50-60k",2018,"2018","true","true",12290467,82351.8880370812,599977,"United States","01000US","united-states",0.08456140460719676
7,"$60-70k",2018,"2018","true","true",9341119,72585.46774018482,459137,"United States","01000US","united-states",0.06426917246049098
8,"$70-80k",2018,"2018","true","true",6567931,61481.96855726834,324120,"United States","01000US","united-states",0.045188963993243736
9,"$80-90k",2018,"2018","true","true",5153214,54736.24643369939,256069,"United States","01000US","united-states",0.03545536667414435
10,"$90-100k",2018,"2018","true","true",3678745,46489.80333173915,184519,"United States","01000US","united-states",0.025310661050690915
11,"$100-110k",2018,"2018","true","true",3851936,47542.47254998556,193300,"United States","01000US","united-states",0.026502257287459217
12,"$110-120k",2018,"2018","true","true",1906369,33675.28144030123,96717,"United States","01000US","united-states",0.013116282753097753
13,"$120-130k",2018,"2018","true","true",2032821,34758.88221019852,103148,"United States","01000US","united-states",0.013986303293032422
14,"$130-140k",2018,"2018","true","true",1311502,27989.228355788884,67074,"United States","01000US","united-states",0.00902345299532945
15,"$140-150k",2018,"2018","true","true",899956,23218.63366799179,46319,"United States","01000US","united-states",0.006191916340093046
16,"$150-160k",2018,"2018","true","true",1077551,25390.882126644934,55504,"United States","01000US","united-states",0.0074138131688478125
17,"$160-170k",2018,"2018","true","true",674853,20121.88924495349,34843,"United States","01000US","united-states",0.004643152907320817
18,"$170-180k",2018,"2018","true","true",414203,15778.352897436387,21533,"United States","01000US","united-states",0.002849817461982097
19,"$180-190k",2018,"2018","true","true",484521,17061.058216883695,25048,"United States","01000US","united-states",0.0033336224182273612
20,"$190-200k",2018,"2018","true","true",281632,13016.510846931878,14823,"United States","01000US","united-states",0.0019376967126093774
21,"$200k+",2018,"2018","true","true",3438902,44986.798993497825,183260,"United States","01000US","united-states",0.023660482830025753
1,"< $10K",2018,"2018","true","true",10605,2346.4037885532944,467,"Yuma City PUMA, AZ","79500US0400700","yuma-city-puma-az",0.13881798547025329
2,"$10-20k",2018,"2018","true","true",14889,2688.2621149996285,617,"Yuma City PUMA, AZ","79500US0400700","yuma-city-puma-az",0.1948949538582368
3,"$20-30k",2018,"2018","true","true",14003,2625.743795028561,638,"Yuma City PUMA, AZ","79500US0400700","yuma-city-puma-az",0.18329733621310296
4,"$30-40k",2018,"2018","true","true",12456,2506.9457849220157,476,"Yuma City PUMA, AZ","79500US0400700","yuma-city-puma-az",0.16304731985077558
5,"$40-50k",2018,"2018","true","true",7521,2021.7376416926486,349,"Yuma City PUMA, AZ","79500US0400700","yuma-city-puma-az",0.0984488513646181
6,"$50-60k",2018,"2018","true","true",5280,1721.279743746395,227,"Yuma City PUMA, AZ","79500US0400700","yuma-city-puma-az",0.06911447084233262
7,"$60-70k",2018,"2018","true","true",3656,1448.5613704713076,170,"Yuma City PUMA, AZ","79500US0400700","yuma-city-puma-az",0.04785653511355455
8,"$70-80k",2018,"2018","true","true",1977,1077.4292780305402,106,"Yuma City PUMA, AZ","79500US0400700","yuma-city-puma-az",0.02587865698016886
9,"$80-90k",2018,"2018","true","true",1715,1005.2639196391017,78,"Yuma City PUMA, AZ","79500US0400700","yuma-city-puma-az",0.022449113161856143
10,"$90-100k",2018,"2018","true","true",1008,774.3242783112543,61,"Yuma City PUMA, AZ","79500US0400700","yuma-city-puma-az",0.01319458079717259
11,"$100-110k",2018,"2018","true","true",1053,791.1835196146701,59,"Yuma City PUMA, AZ","79500US0400700","yuma-city-puma-az",0.013783624582760652
12,"$110-120k",2018,"2018","true","true",717,654.3169518303732,37,"Yuma City PUMA, AZ","79500US0400700","yuma-city-puma-az",0.009385430983703123
13,"$120-130k",2018,"2018","true","true",400,489.74004705256687,26,"Yuma City PUMA, AZ","79500US0400700","yuma-city-puma-az",0.005235944760782774
14,"$130-140k",2018,"2018","true","true",166,315.97795681987816,10,"Yuma City PUMA, AZ","79500US0400700","yuma-city-puma-az",0.002172917075724851
15,"$140-150k",2018,"2018","true","true",198,345.0199663649657,10,"Yuma City PUMA, AZ","79500US0400700","yuma-city-puma-az",0.002591792656587473
16,"$150-160k",2018,"2018","true","true",164,314.07282404411114,7,"Yuma City PUMA, AZ","79500US0400700","yuma-city-puma-az",0.0021467373519209374
17,"$160-170k",2018,"2018","true","true",83,223.55167333782407,7,"Yuma City PUMA, AZ","79500US0400700","yuma-city-puma-az",0.0010864585378624256
21,"$200k+",2018,"2018","true","true",504,549.3558257819436,34,"Yuma City PUMA, AZ","79500US0400700","yuma-city-puma-az",0.006597290398586295
1,"< $10K",2017,"2017","true","true",18135982,97714.9857015059,879843,"United States","01000US","united-states",0.12656266419194634
2,"$10-20k",2017,"2017","true","true",20318722,102522.33118487346,907016,"United States","01000US","united-states",0.14179500119130645
3,"$20-30k",2017,"2017","true","true",20976115,103888.8418124118,937726,"United States","01000US","united-states",0.14638264411580518
4,"$30-40k",2017,"2017","true","true",18510955,98571.98703035557,858356,"United States","01000US","united-states",0.12917942803081908
5,"$40-50k",2017,"2017","true","true",14810790,89469.18618306785,707933,"United States","01000US","united-states",0.10335768094539556
6,"$50-60k",2017,"2017","true","true",11882122,81044.84714195105,581424,"United States","01000US","united-states",0.08291985603943243
7,"$60-70k",2017,"2017","true","true",8926270,71030.27616295293,439029,"United States","01000US","united-states",0.06229232651954798
8,"$70-80k",2017,"2017","true","true",6520812,61250.86948666311,322669,"United States","01000US","united-states",0.045505743191342714
9,"$80-90k",2017,"2017","true","true",4804984,52907.16890098976,238916,"United States","01000US","united-states",0.03353176996093595
10,"$90-100k",2017,"2017","true","true",3434020,44947.856765301985,172693,"United States","01000US","united-states",0.023964443727857006
11,"$100-110k",2017,"2017","true","true",3563790,45768.013103453435,178553,"United States","01000US","united-states",0.024870048780408827
12,"$110-120k",2017,"2017","true","true",1700982,31829.62915599077,86394,"United States","01000US","united-states",0.011870369835090554
13,"$120-130k",2017,"2017","true","true",1935423,33924.21741919088,98295,"United States","01000US","united-states",0.013506425580835346
14,"$130-140k",2017,"2017","true","true",1150516,26228.327338369258,58865,"United States","01000US","united-states",0.008028921188577566
15,"$140-150k",2017,"2017","true","true",805590,21973.922079401822,41619,"United States","01000US","united-states",0.00562184152180952
16,"$150-160k",2017,"2017","true","true",1131225,26009.27392900889,57968,"United States","01000US","united-states",0.00789429818581285
17,"$160-170k",2017,"2017","true","true",523192,17726.011443207688,27193,"United States","01000US","united-states",0.0036511159640494123
18,"$170-180k",2017,"2017","true","true",335344,14200.74937750867,17451,"United States","01000US","united-states",0.0023402113026349527
19,"$180-190k",2017,"2017","true","true",454100,16518.14549644977,23479,"United States","01000US","united-states",0.003168954722692316
20,"$190-200k",2017,"2017","true","true",251667,12305.696243297822,13077,"United States","01000US","united-states",0.0017562680647342152
21,"$200k+",2017,"2017","true","true",3123861,42917.50252535826,166273,"United States","01000US","united-states",0.021799986938965735
1,"< $10K",2017,"2017","true","true",11114,2390.5732808661237,502,"Yuma City PUMA, AZ","79500US0400700","yuma-city-puma-az",0.14711566462817358
2,"$10-20k",2017,"2017","true","true",15431,2720.9933288583948,654,"Yuma City PUMA, AZ","79500US0400700","yuma-city-puma-az",0.2042596563683054
3,"$20-30k",2017,"2017","true","true",13671,2598.286384242484,646,"Yuma City PUMA, AZ","79500US0400700","yuma-city-puma-az",0.18096259232785322
4,"$30-40k",2017,"2017","true","true",11909,2459.3058855849426,486,"Yuma City PUMA, AZ","79500US0400700","yuma-city-puma-az",0.15763905435099146
5,"$40-50k",2017,"2017","true","true",7308,1994.8518187229615,343,"Yuma City PUMA, AZ","79500US0400700","yuma-city-puma-az",0.09673576364069573
6,"$50-60k",2017,"2017","true","true",5328,1727.8102652528748,242,"Yuma City PUMA, AZ","79500US0400700","yuma-city-puma-az",0.07052656659518704
7,"$60-70k",2017,"2017","true","true",3151,1349.14733315726,159,"Yuma City PUMA, AZ","79500US0400700","yuma-city-puma-az",0.04170968681333227
8,"$70-80k",2017,"2017","true","true",2122,1114.9839430919765,116,"Yuma City PUMA, AZ","79500US0400700","yuma-city-puma-az",0.028088846530590635
9,"$80-90k",2017,"2017","true","true",1339,890.4031099922443,66,"Yuma City PUMA, AZ","79500US0400700","yuma-city-puma-az",0.017724300426230376
10,"$90-100k",2017,"2017","true","true",1089,804.3400930059956,63,"Yuma City PUMA, AZ","79500US0400700","yuma-city-puma-az",0.014415058375029783
11,"$100-110k",2017,"2017","true","true",1076,799.594456491752,59,"Yuma City PUMA, AZ","79500US0400700","yuma-city-puma-az",0.014242977788367353
12,"$110-120k",2017,"2017","true","true",521,558.46090921626,27,"Yuma City PUMA, AZ","79500US0400700","yuma-city-puma-az",0.006896460434702036
13,"$120-130k",2017,"2017","true","true",402,490.942536019836,20,"Yuma City PUMA, AZ","79500US0400700","yuma-city-puma-az",0.005321261218330553
14,"$130-140k",2017,"2017","true","true",132,281.8269059520381,11,"Yuma City PUMA, AZ","79500US0400700","yuma-city-puma-az",0.001747279803033913
15,"$140-150k",2017,"2017","true","true",144,294.3352121624415,7,"Yuma City PUMA, AZ","79500US0400700","yuma-city-puma-az",0.0019061234214915416
16,"$150-160k",2017,"2017","true","true",291,418.0076699019901,12,"Yuma City PUMA, AZ","79500US0400700","yuma-city-puma-az",0.0038519577475974905
21,"$200k+",2017,"2017","true","true",518,556.8618541681536,36,"Yuma City PUMA, AZ","79500US0400700","yuma-city-puma-az",0.006856749530087629
1,"< $10K",2016,"2016","true","true",18575124,98587.22544382807,897853,"United States","01000US","united-states",0.13191940162582705
2,"$10-20k",2016,"2016","true","true",20657144,103076.41343178802,924129,"United States","01000US","united-states",0.14670578111772195
3,"$20-30k",2016,"2016","true","true",20888802,103552.7996993778,941718,"United States","01000US","united-states",0.14835100215322275
4,"$30-40k",2016,"2016","true","true",18298524,97961.09818286201,855168,"United States","01000US","united-states",0.12995500523796424
5,"$40-50k",2016,"2016","true","true",14620042,88867.73515875768,702304,"United States","01000US","united-states",0.10383064965727604
6,"$50-60k",2016,"2016","true","true",11331577,79250.39396878531,556221,"United States","01000US","united-states",0.08047617110480579
7,"$60-70k",2016,"2016","true","true",8698929,70139.0961631552,428282,"United States","01000US","united-states",0.061779265024855506
8,"$70-80k",2016,"2016","true","true",6177240,59666.475068567546,305541,"United States","01000US","united-states",0.043870383018661085
9,"$80-90k",2016,"2016","true","true",4667725,52156.32259479405,231549,"United States","01000US","united-states",0.03314989923910675
10,"$90-100k",2016,"2016","true","true",3107145,42796.68441006478,156365,"United States","01000US","united-states",0.022066754933354978
11,"$100-110k",2016,"2016","true","true",3343205,44354.561475235045,167221,"United States","01000US","united-states",0.023743238705296026
12,"$110-120k",2016,"2016","true","true",1624938,31115.204489024836,82259,"United States","01000US","united-states",0.011540210909981983
13,"$120-130k",2016,"2016","true","true",1795586,32688.196791680035,91189,"United States","01000US","united-states",0.012752142633756432
14,"$130-140k",2016,"2016","true","true",964087,24023.759751448877,49450,"United States","01000US","united-states",0.0068468872754356164
15,"$140-150k",2016,"2016","true","true",759257,21335.120101438235,39177,"United States","01000US","united-states",0.005392197065291223
16,"$150-160k",2016,"2016","true","true",1041756,24965.78522868865,52982,"United States","01000US","united-states",0.007398487792604512
17,"$160-170k",2016,"2016","true","true",464757,16709.744537181374,24199,"United States","01000US","united-states",0.0033006759654156015
18,"$170-180k",2016,"2016","true","true",378310,15080.45576675203,19514,"United States","01000US","united-states",0.002686734625785897
19,"$180-190k",2016,"2016","true","true",348958,14485.134059009946,18193,"United States","01000US","united-states",0.002478278505841757
20,"$190-200k",2016,"2016","true","true",216189,11406.644311298223,11131,"United States","01000US","united-states",0.0015353611377283902
21,"$200k+",2016,"2016","true","true",2847317,41006.87061310613,151124,"United States","01000US","united-states",0.020221472270066407
1,"< $10K",2016,"2016","true","true",12500,2502.1460616611826,549,"Yuma City PUMA, AZ","79500US0400700","yuma-city-puma-az",0.16917954686950165
2,"$10-20k",2016,"2016","true","true",15062,2688.7419619147418,686,"Yuma City PUMA, AZ","79500US0400700","yuma-city-puma-az",0.20385458679587473
3,"$20-30k",2016,"2016","true","true",12873,2531.4835937025255,621,"Yuma City PUMA, AZ","79500US0400700","yuma-city-puma-az",0.17422786454808759
4,"$30-40k",2016,"2016","true","true",11585,2426.69931757399,479,"Yuma City PUMA, AZ","79500US0400700","yuma-city-puma-az",0.15679560403865414
5,"$40-50k",2016,"2016","true","true",7461,2010.8243997596715,362,"Yuma City PUMA, AZ","79500US0400700","yuma-city-puma-az",0.10097988793546815
6,"$50-60k",2016,"2016","true","true",4670,1623.9216790398787,217,"Yuma City PUMA, AZ","79500US0400700","yuma-city-puma-az",0.06320547871044582
7,"$60-70k",2016,"2016","true","true",2995,1316.1146562861074,149,"Yuma City PUMA, AZ","79500US0400700","yuma-city-puma-az",0.0405354194299326
8,"$70-80k",2016,"2016","true","true",1744,1013.1283989582302,105,"Yuma City PUMA, AZ","79500US0400700","yuma-city-puma-az",0.023603930379232873
9,"$80-90k",2016,"2016","true","true",1319,883.6662719593417,72,"Yuma City PUMA, AZ","79500US0400700","yuma-city-puma-az",0.017851825785669816
10,"$90-100k",2016,"2016","true","true",923,741.2209624853418,57,"Yuma City PUMA, AZ","79500US0400700","yuma-city-puma-az",0.012492217740844002
11,"$100-110k",2016,"2016","true","true",978,762.698041447722,55,"Yuma City PUMA, AZ","79500US0400700","yuma-city-puma-az",0.01323660774706981
12,"$110-120k",2016,"2016","true","true",471,531.1258746089916,28,"Yuma City PUMA, AZ","79500US0400700","yuma-city-puma-az",0.006374685326042823
13,"$120-130k",2016,"2016","true","true",231,372.56430140519353,14,"Yuma City PUMA, AZ","79500US0400700","yuma-city-puma-az",0.003126438026148391
14,"$130-140k",2016,"2016","true","true",129,278.60596443643703,10,"Yuma City PUMA, AZ","79500US0400700","yuma-city-puma-az",0.0017459329236932573
15,"$140-150k",2016,"2016","true","true",106,252.58999579693088,6,"Yuma City PUMA, AZ","79500US0400700","yuma-city-puma-az",0.0014346425574533741
16,"$150-160k",2016,"2016","true","true",293,419.4172782078999,14,"Yuma City PUMA, AZ","79500US0400700","yuma-city-puma-az",0.003965568578621119
17,"$160-170k",2016,"2016","true","true",71,206.7737031439208,5,"Yuma City PUMA, AZ","79500US0400700","yuma-city-puma-az",0.0009609398262187695
21,"$200k+",2016,"2016","true","true",475,533.3618971026752,30,"Yuma City PUMA, AZ","79500US0400700","yuma-city-puma-az",0.006428822781041063
1,"< $10K",2015,"2015","true","true",18742506,98839.50858907944,908790,"United States","01000US","united-states",0.13526312463614104
2,"$10-20k",2015,"2015","true","true",20776897,103178.34917251459,935880,"United States","01000US","united-states",0.14994515719846988
3,"$20-30k",2015,"2015","true","true",20455297,102516.36764400508,930769,"United States","01000US","united-states",0.14762419644311608
4,"$30-40k",2015,"2015","true","true",18374885,98015.38957709048,863927,"United States","01000US","united-states",0.13261003410801941
5,"$40-50k",2015,"2015","true","true",14107412,87394.08706441185,678512,"United States","01000US","united-states",0.1018120323744003
6,"$50-60k",2015,"2015","true","true",11305798,79112.10834522395,554441,"United States","01000US","united-states",0.08159301450857394
7,"$60-70k",2015,"2015","true","true",8534130,69478.53824777012,419142,"United States","01000US","united-states",0.061590114462336594
8,"$70-80k",2015,"2015","true","true",5746665,57621.53548798748,283150,"United States","01000US","united-states",0.04147320876606093
9,"$80-90k",2015,"2015","true","true",4522264,51350.83311765214,222675,"United States","01000US","united-states",0.032636807429568586
10,"$90-100k",2015,"2015","true","true",3130941,42948.62984785833,155982,"United States","01000US","united-states",0.022595743744801475
11,"$100-110k",2015,"2015","true","true",3160607,43146.89519744606,156602,"United States","01000US","united-states",0.022809840827414427
12,"$110-120k",2015,"2015","true","true",1533674,30236.005356795074,77254,"United States","01000US","united-states",0.011068399146475342
13,"$120-130k",2015,"2015","true","true",1603084,30904.804863469206,80929,"United States","01000US","united-states",0.01156932540900366
14,"$130-140k",2015,"2015","true","true",985429,24284.972246985148,49952,"United States","01000US","united-states",0.007111760062772174
15,"$140-150k",2015,"2015","true","true",640140,19597.773405644584,32859,"United States","01000US","united-states",0.004619837742326417
16,"$150-160k",2015,"2015","true","true",910022,23343.709743273128,46069,"United States","01000US","united-states",0.006567553944367437
17,"$160-170k",2015,"2015","true","true",510651,17511.974466214444,25873,"United States","01000US","united-states",0.0036853262769967936
18,"$170-180k",2015,"2015","true","true",358502,14681.07987121931,18416,"United States","01000US","united-states",0.002587279454962204
19,"$180-190k",2015,"2015","true","true",342123,14342.639378189366,17652,"United States","01000US","united-states",0.0024690735587807994
20,"$190-200k",2015,"2015","true","true",192733,10770.864210902428,9817,"United States","01000US","united-states",0.0013909382128781164
21,"$200k+",2015,"2015","true","true",2629548,39432.54917089922,138300,"United States","01000US","united-states",0.01897723169253436
1,"< $10K",2015,"2015","true","true",12869,2522.972676803476,573,"Yuma City PUMA, AZ","79500US0400700","yuma-city-puma-az",0.17962174610928885
2,"$10-20k",2015,"2015","true","true",14602,2647.6303240168822,681,"Yuma City PUMA, AZ","79500US0400700","yuma-city-puma-az",0.2038104543234001
3,"$20-30k",2015,"2015","true","true",12312,2479.4168202705464,597,"Yuma City PUMA, AZ","79500US0400700","yuma-city-puma-az",0.1718473026729011
4,"$30-40k",2015,"2015","true","true",11478,2410.709709934422,467,"Yuma City PUMA, AZ","79500US0400700","yuma-city-puma-az",0.16020657408053599
5,"$40-50k",2015,"2015","true","true",6284,1859.023404353167,312,"Yuma City PUMA, AZ","79500US0400700","yuma-city-puma-az",0.08771023797892386
6,"$50-60k",2015,"2015","true","true",4497,1593.9608107632146,214,"Yuma City PUMA, AZ","79500US0400700","yuma-city-puma-az",0.06276781352501919
7,"$60-70k",2015,"2015","true","true",2948,1305.3466890988932,136,"Yuma City PUMA, AZ","79500US0400700","yuma-city-puma-az",0.04114732360946333
8,"$70-80k",2015,"2015","true","true",1649,985.4509893550703,90,"Yuma City PUMA, AZ","79500US0400700","yuma-city-puma-az",0.023016260729988136
9,"$80-90k",2015,"2015","true","true",1407,911.843419829107,70,"Yuma City PUMA, AZ","79500US0400700","yuma-city-puma-az",0.019638495359062043
10,"$90-100k",2015,"2015","true","true",789,685.8222944307776,48,"Yuma City PUMA, AZ","79500US0400700","yuma-city-puma-az",0.011012631725870612
11,"$100-110k",2015,"2015","true","true",898,731.1010018094657,48,"Yuma City PUMA, AZ","79500US0400700","yuma-city-puma-az",0.012534021913601787
12,"$110-120k",2015,"2015","true","true",420,501.6770801847742,27,"Yuma City PUMA, AZ","79500US0400700","yuma-city-puma-az",0.005862237420615535
13,"$120-130k",2015,"2015","true","true",315,434.7848276496579,12,"Yuma City PUMA, AZ","79500US0400700","yuma-city-puma-az",0.004396678065461651
14,"$130-140k",2015,"2015","true","true",143,293.29824309693686,9,"Yuma City PUMA, AZ","79500US0400700","yuma-city-puma-az",0.0019959522646381465
15,"$140-150k",2015,"2015","true","true",178,327.14874283701107,7,"Yuma City PUMA, AZ","79500US0400700","yuma-city-puma-az",0.002484472049689441
16,"$150-160k",2015,"2015","true","true",377,475.4459858836773,18,"Yuma City PUMA, AZ","79500US0400700","yuma-city-puma-az",0.005262055970409659
17,"$160-170k",2015,"2015","true","true",77,215.32125614373294,7,"Yuma City PUMA, AZ","79500US0400700","yuma-city-puma-az",0.0010747435271128481
21,"$200k+",2015,"2015","true","true",402,490.871078017209,27,"Yuma City PUMA, AZ","79500US0400700","yuma-city-puma-az",0.005610998674017726
1,"< $10K",2014,"2014","true","true",18667933,98544.33392198772,904697,"United States","01000US","united-states",0.13698654654172412
2,"$10-20k",2014,"2014","true","true",20535809,102532.83868543796,932234,"United States","01000US","united-states",0.15069314612123674
3,"$20-30k",2014,"2014","true","true",19989845,101399.0059228911,918405,"United States","01000US","united-states",0.14668682560915294
4,"$30-40k",2014,"2014","true","true",18148208,97377.33968319187,859632,"United States","01000US","united-states",0.13317276957448318
5,"$40-50k",2014,"2014","true","true",14192815,87544.1649650532,686788,"United States","01000US","united-states",0.10414783000108156
6,"$50-60k",2014,"2014","true","true",10784331,77369.37283594467,532548,"United States","01000US","united-states",0.07913614541325269
7,"$60-70k",2014,"2014","true","true",8385974,68874.76478079321,414415,"United States","01000US","united-states",0.06153684061586725
8,"$70-80k",2014,"2014","true","true",5717342,57459.9139275851,283174,"United States","01000US","united-states",0.0419542397103072
9,"$80-90k",2014,"2014","true","true",4457553,50980.1847601966,221081,"United States","01000US","united-states",0.03270982339055438
10,"$90-100k",2014,"2014","true","true",3119014,42860.34846801472,156375,"United States","01000US","united-states",0.022887534280056028
11,"$100-110k",2014,"2014","true","true",3067917,42515.97566535192,152907,"United States","01000US","united-states",0.022512581061151584
12,"$110-120k",2014,"2014","true","true",1403157,28932.13307524338,71245,"United States","01000US","united-states",0.010296460335798613
13,"$120-130k",2014,"2014","true","true",1448708,29393.03279708345,73450,"United States","01000US","united-states",0.010630716634100203
14,"$130-140k",2014,"2014","true","true",1042306,24969.229451730655,53228,"United States","01000US","united-states",0.00764851145435964
15,"$140-150k",2014,"2014","true","true",635897,19532.26063754599,32934,"United States","01000US","united-states",0.0046662549081487896
16,"$150-160k",2014,"2014","true","true",790925,21771.003437857744,40143,"United States","01000US","united-states",0.005803860787560849
17,"$160-170k",2014,"2014","true","true",561689,18362.24806324956,28652,"United States","01000US","united-states",0.004121711618553296
18,"$170-180k",2014,"2014","true","true",331307,14114.37018359622,17167,"United States","01000US","united-states",0.0024311530245527987
19,"$180-190k",2014,"2014","true","true",311332,13683.272712766246,16170,"United States","01000US","united-states",0.0022845751325509932
20,"$190-200k",2014,"2014","true","true",212113,11298.48332456976,10960,"United States","01000US","united-states",0.0015564994446147162
21,"$200k+",2014,"2014","true","true",2471492,38245.473077122355,130494,"United States","01000US","united-states",0.01813597434089242
1,"< $10K",2014,"2014","true","true",12507,2490.0839237604796,566,"Yuma City PUMA, AZ","79500US0400700","yuma-city-puma-az",0.17780779073073644
2,"$10-20k",2014,"2014","true","true",14513,2635.5159052720073,667,"Yuma City PUMA, AZ","79500US0400700","yuma-city-puma-az",0.20632641455786183
3,"$20-30k",2014,"2014","true","true",12375,2479.728308628315,587,"Yuma City PUMA, AZ","79500US0400700","yuma-city-puma-az",0.17593119135626956
4,"$30-40k",2014,"2014","true","true",10587,2328.6388325776375,447,"Yuma City PUMA, AZ","79500US0400700","yuma-city-puma-az",0.15051179982940005
5,"$40-50k",2014,"2014","true","true",6633,1903.087392453635,318,"Yuma City PUMA, AZ","79500US0400700","yuma-city-puma-az",0.09429911856696048
6,"$50-60k",2014,"2014","true","true",4207,1544.1564332192654,206,"Yuma City PUMA, AZ","79500US0400700","yuma-city-puma-az",0.059809496730167756
7,"$60-70k",2014,"2014","true","true",2689,1248.5905785229852,138,"Yuma City PUMA, AZ","79500US0400700","yuma-city-puma-az",0.03822860392379869
8,"$70-80k",2014,"2014","true","true",1924,1062.098586539388,102,"Yuma City PUMA, AZ","79500US0400700","yuma-city-puma-az",0.027352857549047482
9,"$80-90k",2014,"2014","true","true",1404,910.7251427202443,76,"Yuma City PUMA, AZ","79500US0400700","yuma-city-puma-az",0.019960193346602217
10,"$90-100k",2014,"2014","true","true",921,740.196845485456,51,"Yuma City PUMA, AZ","79500US0400700","yuma-city-puma-az",0.013093545635484788
11,"$100-110k",2014,"2014","true","true",920,739.8002119611468,45,"Yuma City PUMA, AZ","79500US0400700","yuma-city-puma-az",0.013079328973557009
12,"$110-120k",2014,"2014","true","true",336,448.9586359369015,23,"Yuma City PUMA, AZ","79500US0400700","yuma-city-puma-az",0.004776798407733864
13,"$120-130k",2014,"2014","true","true",295,420.7989371690131,11,"Yuma City PUMA, AZ","79500US0400700","yuma-city-puma-az",0.00419391526869491
14,"$130-140k",2014,"2014","true","true",168,317.8417813481746,9,"Yuma City PUMA, AZ","79500US0400700","yuma-city-puma-az",0.002388399203866932
15,"$140-150k",2014,"2014","true","true",160,310.1994696535053,7,"Yuma City PUMA, AZ","79500US0400700","yuma-city-puma-az",0.002274665908444697
16,"$150-160k",2014,"2014","true","true",308,429.9309840993306,15,"Yuma City PUMA, AZ","79500US0400700","yuma-city-puma-az",0.004378731873756042
17,"$160-170k",2014,"2014","true","true",79,218.094483525549,7,"Yuma City PUMA, AZ","79500US0400700","yuma-city-puma-az",0.0011231162922945691
21,"$200k+",2014,"2014","true","true",314,434.0798595740809,20,"Yuma City PUMA, AZ","79500US0400700","yuma-city-puma-az",0.004464031845322718